{"cameraMode":{"drawMode":0,"name":"Shaded","section":"Shading Mode"},"sceneLighting":true,"audioPlay":false,"sceneViewState":{"showFog":true,"showMaterialUpdate":false,"showSkybox":true,"showFlares":true,"showImageEffects":true,"showParticleSystems":true},"in2DMode":false,"pivot":{"x":24.99272918701172,"y":2.2914927005767824,"z":-6.5027642250061039},"rotation":{"x":0.07049167901277542,"y":-0.27085790038108828,"z":0.019925687462091447,"w":0.9599642157554627},"size":2.022780656814575,"orthographic":false}