{"cameraMode":{"drawMode":0,"name":"Shaded","section":"Shading Mode"},"sceneLighting":true,"audioPlay":false,"sceneViewState":{"showFog":true,"showMaterialUpdate":false,"showSkybox":true,"showFlares":true,"showImageEffects":true,"showParticleSystems":true},"in2DMode":false,"pivot":{"x":27.538658142089845,"y":-0.39748650789260867,"z":-0.0904104933142662},"rotation":{"x":0.13985300064086915,"y":0.5044135451316834,"z":-0.08295890688896179,"w":0.8481707572937012},"size":2.022780656814575,"orthographic":false}