{"cameraMode":{"drawMode":0,"name":"Shaded","section":"Shading Mode"},"sceneLighting":true,"audioPlay":false,"sceneViewState":{"showFog":true,"showMaterialUpdate":false,"showSkybox":true,"showFlares":true,"showImageEffects":true,"showParticleSystems":true},"in2DMode":false,"pivot":{"x":27.197389602661134,"y":-8.527366638183594,"z":25.4510555267334},"rotation":{"x":-0.13269025087356568,"y":0.10398122668266297,"z":-0.013944999314844609,"w":-0.9856688380241394},"size":12.931317329406739,"orthographic":false}