{"cameraMode":{"drawMode":0,"name":"Shaded","section":"Shading Mode"},"sceneLighting":true,"audioPlay":false,"sceneViewState":{"showFog":true,"showMaterialUpdate":false,"showSkybox":true,"showFlares":true,"showImageEffects":true,"showParticleSystems":true},"in2DMode":false,"pivot":{"x":13.002490997314454,"y":6.956683158874512,"z":111.2086181640625},"rotation":{"x":0.1002885028719902,"y":-0.4732469320297241,"z":0.05433347448706627,"w":0.8735160231590271},"size":71.0987548828125,"orthographic":false}