{"cameraMode":{"drawMode":0,"name":"Shaded","section":"Shading Mode"},"sceneLighting":true,"audioPlay":false,"sceneViewState":{"showFog":true,"showMaterialUpdate":false,"showSkybox":true,"showFlares":true,"showImageEffects":true,"showParticleSystems":true},"in2DMode":false,"pivot":{"x":847.7879638671875,"y":282.01849365234377,"z":0.0},"rotation":{"x":-0.013095810078084469,"y":-0.9804868698120117,"z":0.18329595029354096,"w":-0.07011989504098892},"size":434.13006591796877,"orthographic":false}