{"cameraMode":{"drawMode":0,"name":"Shaded","section":"Shading Mode"},"sceneLighting":true,"audioPlay":false,"sceneViewState":{"showFog":true,"showMaterialUpdate":false,"showSkybox":true,"showFlares":true,"showImageEffects":true,"showParticleSystems":true},"in2DMode":false,"pivot":{"x":-36.76962661743164,"y":-4.305491924285889,"z":194.46885681152345},"rotation":{"x":-0.061354465782642367,"y":0.11561553180217743,"z":-0.007155871484428644,"w":-0.9913741946220398},"size":1.74546217918396,"orthographic":false}