{"cameraMode":{"drawMode":0,"name":"Shaded","section":"Shading Mode"},"sceneLighting":false,"audioPlay":false,"sceneViewState":{"showFog":true,"showMaterialUpdate":false,"showSkybox":false,"showFlares":true,"showImageEffects":true,"showParticleSystems":true},"in2DMode":false,"pivot":{"x":-0.9152102470397949,"y":-0.841416597366333,"z":2.567424774169922},"rotation":{"x":0.11230684816837311,"y":-0.06901562213897705,"z":0.007783087901771069,"w":0.9912970066070557},"size":7.071774959564209,"orthographic":false}